{"cameraMode":{"drawMode":0,"name":"Shaded","section":"Shading Mode"},"sceneLighting":true,"audioPlay":false,"sceneViewState":{"showFog":true,"showMaterialUpdate":false,"showSkybox":true,"showFlares":true,"showImageEffects":true,"showParticleSystems":true},"in2DMode":false,"pivot":{"x":100.0,"y":107.94000244140625,"z":92.11000061035156},"rotation":{"x":-0.3390757143497467,"y":0.1914212852716446,"z":0.07067808508872986,"w":0.9183657169342041},"size":2.8578836917877199,"orthographic":false}