{"cameraMode":{"drawMode":0,"name":"Shaded","section":"Shading Mode"},"sceneLighting":true,"audioPlay":false,"sceneViewState":{"showFog":true,"showMaterialUpdate":false,"showSkybox":true,"showFlares":true,"showImageEffects":true,"showParticleSystems":true},"in2DMode":false,"pivot":{"x":149.9208526611328,"y":21.16037940979004,"z":156.97132873535157},"rotation":{"x":0.005865950603038073,"y":-0.9487563967704773,"z":0.31546124815940859,"w":0.01764199696481228},"size":8.35151195526123,"orthographic":false}