{"cameraMode":{"drawMode":0,"name":"Shaded","section":"Shading Mode"},"sceneLighting":false,"audioPlay":false,"sceneViewState":{"showFog":true,"showMaterialUpdate":false,"showSkybox":false,"showFlares":true,"showImageEffects":true,"showParticleSystems":true},"in2DMode":false,"pivot":{"x":148.47119140625,"y":159.7238311767578,"z":151.1505584716797},"rotation":{"x":0.45728573203086855,"y":-0.25088146328926089,"z":0.13621114194393159,"w":0.8422570824623108},"size":4.8662238121032719,"orthographic":false}