{"cameraMode":{"drawMode":0,"name":"Shaded","section":"Shading Mode"},"sceneLighting":true,"audioPlay":false,"sceneViewState":{"showFog":true,"showMaterialUpdate":false,"showSkybox":true,"showFlares":true,"showImageEffects":true,"showParticleSystems":true},"in2DMode":false,"pivot":{"x":40.6085205078125,"y":54.19450378417969,"z":0.0},"rotation":{"x":0.12877164781093598,"y":-0.052042413502931598,"z":0.006768808700144291,"w":0.9902876615524292},"size":226.29592895507813,"orthographic":false}